{
  "epoch_numbers": [
    1,
    2,
    3,
    4,
    5,
    6,
    7,
    8,
    9,
    100,
    10,
    11,
    12,
    13,
    14,
    15,
    16,
    17,
    18,
    19,
    20,
    21,
    22,
    23,
    24,
    25,
    26,
    27,
    28,
    29,
    30,
    31,
    32,
    33,
    34,
    35,
    36,
    37,
    38,
    39,
    40,
    41,
    42,
    43,
    44,
    45,
    46,
    47,
    48,
    49,
    50,
    51,
    52,
    53,
    54,
    55,
    56,
    57,
    58,
    59,
    60,
    61,
    62,
    63,
    64,
    65,
    66,
    67,
    68,
    69,
    70,
    71,
    72,
    73,
    74,
    75,
    76,
    77,
    78,
    79,
    80,
    81,
    82,
    83,
    84,
    85,
    86,
    87,
    88,
    89,
    90,
    91,
    92,
    93,
    94,
    95,
    96,
    97,
    98,
    99
  ],
  "epoch_losses": [
    0.1635625101617293,
    0.10424044132287875,
    0.0837440717092875,
    0.08603574183059817,
    0.08245046748015401,
    0.07152789131086595,
    0.06717761261864845,
    0.06373947808465866,
    0.058688323935317845,
    0.017101023033667263,
    0.057287589537491176,
    0.054072992012265994,
    0.049531479093826554,
    0.04610426598449354,
    0.04591894546705193,
    0.04559859906527876,
    0.04386801956095169,
    0.04246141886674898,
    0.042253270652498835,
    0.04102039662377064,
    0.03982684891615732,
    0.03879316785052447,
    0.03947463673800844,
    0.036677076179116155,
    0.03724709649818903,
    0.0361737643646576,
    0.035618178200115744,
    0.035419049900394003,
    0.034429579064284156,
    0.03438587102875294,
    0.03425545336542066,
    0.03383244335886557,
    0.033028424296251364,
    0.032900866156379424,
    0.03236065656661442,
    0.03160032989064224,
    0.03112628780293826,
    0.032163328908374526,
    0.03393526757040233,
    0.029212310348528534,
    0.02927951505425807,
    0.030895508692541863,
    0.030066385522909897,
    0.02897220508873248,
    0.029094911364160606,
    0.027931424437188924,
    0.028062673623785936,
    0.04272364190932834,
    0.029561060937290592,
    0.0304807169918582,
    0.02785587293307151,
    0.027718510361909886,
    0.027456294214371943,
    0.026065853165250227,
    0.026088011635458094,
    0.02741799884417409,
    0.024953297353441067,
    0.025574610105035228,
    0.025014690001691525,
    0.02415820712661619,
    0.024054367637906842,
    0.0240707434875157,
    0.02380135398605775,
    0.02312162576361724,
    0.02260945538640652,
    0.02362244577406208,
    0.022105386618519785,
    0.022408826304351197,
    0.02162494264325797,
    0.02185382928807777,
    0.02115853812103686,
    0.02047007560966391,
    0.02025594724764583,
    0.019540207527335297,
    0.019868069740652205,
    0.021138980950742323,
    0.019792061640675516,
    0.01966847166988899,
    0.019943491894892487,
    0.01766284632967287,
    0.017863449889361838,
    0.017798847930692894,
    0.017328020552238043,
    0.01692537311268294,
    0.017073465861138903,
    0.017654355516495572,
    0.016685439374052605,
    0.016183693391533527,
    0.015049142228183156,
    0.016068223720391323,
    0.0158963632474337,
    0.01490568566704897,
    0.01445003670938596,
    0.015401531416098454,
    0.014349201662083257,
    0.014180813033488124,
    0.013827395648590932,
    0.0156436580169957,
    0.014787794654121295,
    0.015182995589049902
  ]
}