{
  "1": {
    "r2": 0.7447979912465822,
    "mse": 0.0003570103636942166,
    "rmse": 0.018894717878132412,
    "mae": 0.015170699099284743
  },
  "2": {
    "r2": 0.8193748512680298,
    "mse": 0.0002526823764284302,
    "rmse": 0.015895986173510287,
    "mae": 0.012879425497769966
  },
  "3": {
    "r2": 0.8667119998629063,
    "mse": 0.0001864609045887119,
    "rmse": 0.013655068824019595,
    "mae": 0.010633136340657389
  },
  "4": {
    "r2": 0.8496532263381034,
    "mse": 0.00021032497591799194,
    "rmse": 0.014502585146034894,
    "mae": 0.011162871104630054
  },
  "5": {
    "r2": 0.8639138114852885,
    "mse": 0.00019037538102742785,
    "rmse": 0.013797658534237896,
    "mae": 0.010814686839190886
  },
  "6": {
    "r2": 0.870444206906678,
    "mse": 0.0001812397991570281,
    "rmse": 0.013462533162708573,
    "mae": 0.01051027422837099
  },
  "100": {
    "r2": 0.9469985584957407,
    "mse": 7.414543482702885e-05,
    "rmse": 0.008610774345378519,
    "mae": 0.00654483105757262
  },
  "20": {
    "r2": 0.9199798087604506,
    "mse": 0.00011194283977958575,
    "rmse": 0.010580304333032474,
    "mae": 0.008230165118877171
  },
  "21": {
    "r2": 0.9139427746919122,
    "mse": 0.00012038824245870707,
    "rmse": 0.01097215760271001,
    "mae": 0.008118798187091754
  },
  "22": {
    "r2": 0.9342421447299852,
    "mse": 9.19907956068752e-05,
    "rmse": 0.009591183222464014,
    "mae": 0.007238705303934462
  },
  "23": {
    "r2": 0.9342247516754948,
    "mse": 9.201512731468473e-05,
    "rmse": 0.009592451580002097,
    "mae": 0.007149473050522697
  },
  "24": {
    "r2": 0.9141894564480316,
    "mse": 0.00012004315135264925,
    "rmse": 0.0109564205538419,
    "mae": 0.008501056261676928
  },
  "25": {
    "r2": 0.9288912555617466,
    "mse": 9.947632794014972e-05,
    "rmse": 0.009973782027904447,
    "mae": 0.007553023759424524
  },
  "26": {
    "r2": 0.9253105472436901,
    "mse": 0.00010448549689284176,
    "rmse": 0.010221814755357375,
    "mae": 0.008159888856948329
  },
  "27": {
    "r2": 0.9260867582795895,
    "mse": 0.00010339963010996043,
    "rmse": 0.010168560867200452,
    "mae": 0.007874162456549877
  },
  "28": {
    "r2": 0.9221351958789334,
    "mse": 0.00010892759886189025,
    "rmse": 0.010436838547275236,
    "mae": 0.00795826543423817
  },
  "29": {
    "r2": 0.9415263907672882,
    "mse": 8.180062767003743e-05,
    "rmse": 0.009044369943231946,
    "mae": 0.006829379237161863
  },
  "30": {
    "r2": 0.9233425523461996,
    "mse": 0.00010723858875733537,
    "rmse": 0.010355606633960918,
    "mae": 0.00807597685685111
  },
  "31": {
    "r2": 0.9366308629612642,
    "mse": 8.864914023089463e-05,
    "rmse": 0.009415367238238487,
    "mae": 0.007027822500224284
  },
  "32": {
    "r2": 0.9253272634596078,
    "mse": 0.0001044621120364547,
    "rmse": 0.010220670821255065,
    "mae": 0.008116381632599113
  },
  "33": {
    "r2": 0.9367188684884044,
    "mse": 8.852602644583903e-05,
    "rmse": 0.009408827049416896,
    "mae": 0.007151689203433807
  },
  "34": {
    "r2": 0.937397021259872,
    "mse": 8.757733654812031e-05,
    "rmse": 0.009358276366303804,
    "mae": 0.007072577111418187
  },
  "35": {
    "r2": 0.9288049204016805,
    "mse": 9.95971049945521e-05,
    "rmse": 0.009979834918201407,
    "mae": 0.00772388343380703
  },
  "36": {
    "r2": 0.9317411306410269,
    "mse": 9.54895452987951e-05,
    "rmse": 0.009771875219158045,
    "mae": 0.007694791330948034
  },
  "37": {
    "r2": 0.9414859506092205,
    "mse": 8.185720071822827e-05,
    "rmse": 0.009047496931098029,
    "mae": 0.006961610612106717
  },
  "38": {
    "r2": 0.9398000042045902,
    "mse": 8.42157258020475e-05,
    "rmse": 0.00917691265088905,
    "mae": 0.006935141402964414
  },
  "39": {
    "r2": 0.9411377271237917,
    "mse": 8.234434184139983e-05,
    "rmse": 0.00907437831707494,
    "mae": 0.006921621013898091
  },
  "40": {
    "r2": 0.9452770003069768,
    "mse": 7.655377839020656e-05,
    "rmse": 0.008749501608103548,
    "mae": 0.006537510225413765
  },
  "41": {
    "r2": 0.9234355483691539,
    "mse": 0.00010710849360589356,
    "rmse": 0.010349323340484322,
    "mae": 0.007786144137089581
  },
  "42": {
    "r2": 0.9435151179543633,
    "mse": 7.901853273350315e-05,
    "rmse": 0.008889236903891309,
    "mae": 0.00667571293362559
  },
  "43": {
    "r2": 0.9374232143689789,
    "mse": 8.754069415860998e-05,
    "rmse": 0.009356318408359668,
    "mae": 0.006964440426152269
  },
  "44": {
    "r2": 0.9394915574935627,
    "mse": 8.464722190594618e-05,
    "rmse": 0.009200392486516332,
    "mae": 0.0069647702829870655
  },
  "45": {
    "r2": 0.9397100970072539,
    "mse": 8.434149989519253e-05,
    "rmse": 0.009183762839663955,
    "mae": 0.006788515402459585
  },
  "46": {
    "r2": 0.9361537425624591,
    "mse": 8.931659942502631e-05,
    "rmse": 0.009450745971881072,
    "mae": 0.0070873656658893185
  },
  "47": {
    "r2": 0.9346592681872944,
    "mse": 9.140726807930297e-05,
    "rmse": 0.009560714830979061,
    "mae": 0.007251405458674899
  },
  "48": {
    "r2": 0.9447797788090604,
    "mse": 7.72493576635628e-05,
    "rmse": 0.008789161374304308,
    "mae": 0.006562733432932027
  },
  "49": {
    "r2": 0.9412109998435274,
    "mse": 8.224183825826002e-05,
    "rmse": 0.009068728591057295,
    "mae": 0.006957366948476431
  },
  "50": {
    "r2": 0.9344999501971528,
    "mse": 9.163014318080122e-05,
    "rmse": 0.009572363510690619,
    "mae": 0.007380668338838885
  },
  "51": {
    "r2": 0.9185097314313572,
    "mse": 0.00011399937861516121,
    "rmse": 0.010677049152980482,
    "mae": 0.008279076459503211
  },
  "52": {
    "r2": 0.9425185367731448,
    "mse": 8.041268245707127e-05,
    "rmse": 0.008967311885792268,
    "mae": 0.006794344846170443
  },
  "53": {
    "r2": 0.9446536703247291,
    "mse": 7.74257749107307e-05,
    "rmse": 0.008799191719171182,
    "mae": 0.0064836412357943555
  },
  "54": {
    "r2": 0.9317371898956849,
    "mse": 9.5495058135213e-05,
    "rmse": 0.00977215729177611,
    "mae": 0.007402501520495757
  },
  "55": {
    "r2": 0.9451397008877028,
    "mse": 7.674585099907611e-05,
    "rmse": 0.0087604709347772,
    "mae": 0.006636902136867039
  },
  "56": {
    "r2": 0.9379465610364305,
    "mse": 8.680856753861319e-05,
    "rmse": 0.009317111544819736,
    "mae": 0.007213606733781353
  },
  "57": {
    "r2": 0.9422035168105972,
    "mse": 8.085337409562619e-05,
    "rmse": 0.008991850426671152,
    "mae": 0.006835737310175149
  },
  "58": {
    "r2": 0.9430580306608155,
    "mse": 7.965796696721703e-05,
    "rmse": 0.008925131201680848,
    "mae": 0.006673101342202313
  },
  "59": {
    "r2": 0.9450991930621243,
    "mse": 7.680251870954162e-05,
    "rmse": 0.008763704622449436,
    "mae": 0.006653331283462755
  },
  "60": {
    "r2": 0.9374802270997145,
    "mse": 8.74609372012313e-05,
    "rmse": 0.009352055239423647,
    "mae": 0.007167153307410939
  },
  "61": {
    "r2": 0.9394143884830972,
    "mse": 8.475517613650567e-05,
    "rmse": 0.009206257444613727,
    "mae": 0.007009982839728419
  },
  "62": {
    "r2": 0.9393362671092597,
    "mse": 8.486446265906185e-05,
    "rmse": 0.00921219098038365,
    "mae": 0.007085471314711996
  },
  "63": {
    "r2": 0.9482757827335003,
    "mse": 7.235868443321736e-05,
    "rmse": 0.008506390799464681,
    "mae": 0.006514839212692785
  },
  "64": {
    "r2": 0.9420918117813696,
    "mse": 8.100964188248973e-05,
    "rmse": 0.009000535644198612,
    "mae": 0.006887125840760409
  },
  "65": {
    "r2": 0.9410335750462845,
    "mse": 8.249004355923497e-05,
    "rmse": 0.00908240296172962,
    "mae": 0.006990954681266152
  },
  "66": {
    "r2": 0.9419034030277206,
    "mse": 8.127321299618115e-05,
    "rmse": 0.009015165722058644,
    "mae": 0.006783556724048161
  },
  "67": {
    "r2": 0.9468595685806518,
    "mse": 7.433987232529969e-05,
    "rmse": 0.008622057313965136,
    "mae": 0.006481674233934089
  },
  "68": {
    "r2": 0.9525464574906698,