{
  "1": {
    "r2": 0.7324536621276536,
    "mse": 0.00034700974666878074,
    "rmse": 0.018628197622657452,
    "mae": 0.014846546887818257
  },
  "2": {
    "r2": 0.8048448988785488,
    "mse": 0.0002531177318285196,
    "rmse": 0.015909674158464705,
    "mae": 0.012610424305342522
  },
  "3": {
    "r2": 0.8454762486042933,
    "mse": 0.00020041854526044,
    "rmse": 0.014156925699474444,
    "mae": 0.010951738676537448
  },
  "4": {
    "r2": 0.8265831300359756,
    "mse": 0.00022492307161767712,
    "rmse": 0.014997435501367463,
    "mae": 0.011542320886668652
  },
  "5": {
    "r2": 0.8505222288071179,
    "mse": 0.00019387386845490926,
    "rmse": 0.013923859682390844,
    "mae": 0.010717631748726844
  },
  "6": {
    "r2": 0.8508569543822808,
    "mse": 0.00019343972669851463,
    "rmse": 0.013908261095425072,
    "mae": 0.010793396859380943
  },
  "7": {
    "r2": 0.8767498501841474,
    "mse": 0.00015985643311213824,
    "rmse": 0.012643434387544322,
    "mae": 0.00942110571842138
  },
  "8": {
    "r2": 0.7747976930573356,
    "mse": 0.00029208919883883894,
    "rmse": 0.01709061727495057,
    "mae": 0.014369494639342653
  },
  "9": {
    "r2": 0.8677998258639598,
    "mse": 0.00017146468645892694,
    "rmse": 0.013094452507032393,
    "mae": 0.009820326335577804
  },
  "100": {
    "r2": 0.9336034284067403,
    "mse": 8.611688603731054e-05,
    "rmse": 0.009279918428375895,
    "mae": 0.0069442599631336826
  },
  "10": {
    "r2": 0.876968518907355,
    "mse": 0.00015957281802382074,
    "rmse": 0.012632213504521712,
    "mae": 0.009236442784892617
  },
  "11": {
    "r2": 0.9063428038848454,
    "mse": 0.00012147413474646291,
    "rmse": 0.01102153050834878,
    "mae": 0.008297439407568333
  },
  "12": {
    "r2": 0.8913129092244918,
    "mse": 0.0001409680287015214,
    "rmse": 0.011872995776194035,
    "mae": 0.009163112679460031
  },
  "13": {
    "r2": 0.8768878587925881,
    "mse": 0.00015967743483978662,
    "rmse": 0.012636353700327741,
    "mae": 0.01001493253959213
  },
  "14": {
    "r2": 0.9044311577261598,
    "mse": 0.00012395355515087283,
    "rmse": 0.01113344309505702,
    "mae": 0.008435056889825165
  },
  "15": {
    "r2": 0.9188916316166323,
    "mse": 0.00010519820450265132,
    "rmse": 0.010256617595613639,
    "mae": 0.007672110525400389
  },
  "16": {
    "r2": 0.9182116585243816,
    "mse": 0.00010608013505853184,
    "rmse": 0.010299521108213324,
    "mae": 0.007695425387015698
  },
  "17": {
    "r2": 0.8974546215134673,
    "mse": 0.00013300217858950534,
    "rmse": 0.01153265704811798,
    "mae": 0.008662541288649269
  },
  "18": {
    "r2": 0.8634947822155079,
    "mse": 0.0001770483626091126,
    "rmse": 0.013305952149662669,
    "mae": 0.010567423801279474
  },
  "19": {
    "r2": 0.9080050882561979,
    "mse": 0.000119318138580783,
    "rmse": 0.010923284239677323,
    "mae": 0.008313834743553938
  },
  "20": {
    "r2": 0.9060744372722265,
    "mse": 0.00012182220839605887,
    "rmse": 0.011037309835102885,
    "mae": 0.008462364276850737
  },
  "21": {
    "r2": 0.9060733174186469,
    "mse": 0.00012182366085513581,
    "rmse": 0.011037375632601067,
    "mae": 0.008311420399265202
  },
  "22": {
    "r2": 0.922755020955823,
    "mse": 0.00010018735753484482,
    "rmse": 0.01000936349299219,
    "mae": 0.007456985040650032
  },
  "23": {
    "r2": 0.9200565358968984,
    "mse": 0.00010368731430544987,
    "rmse": 0.01018269680907027,
    "mae": 0.0076058899110497315
  },
  "24": {
    "r2": 0.8993712377002278,
    "mse": 0.00013051631201880926,
    "rmse": 0.011424373594154266,
    "mae": 0.008657685949770373
  },
  "25": {
    "r2": 0.9133966173320343,
    "mse": 0.00011232528211471534,
    "rmse": 0.010598362237379666,
    "mae": 0.007924935866157227
  },
  "26": {
    "r2": 0.9108304400045233,
    "mse": 0.00011565363469620961,
    "rmse": 0.010754237987705573,
    "mae": 0.008421652186545558
  },
  "27": {
    "r2": 0.9142365050017821,
    "mse": 0.000111235941068872,
    "rmse": 0.010546845076555927,
    "mae": 0.007965107288130322
  },
  "28": {
    "r2": 0.9118825489453575,
    "mse": 0.00011428904095917614,
    "rmse": 0.010690605266268891,
    "mae": 0.008072130372955432
  },
  "29": {
    "r2": 0.9298705181858737,
    "mse": 9.09585005418538e-05,
    "rmse": 0.009537216603488347,
    "mae": 0.007159782767833361
  },
  "30": {
    "r2": 0.9146315510885534,
    "mse": 0.00011072356312498694,
    "rmse": 0.010522526461120776,
    "mae": 0.008094576841460546
  },
  "31": {
    "r2": 0.9195738625377325,
    "mse": 0.00010431334552463927,
    "rmse": 0.010213390500937447,
    "mae": 0.007542972279714278
  },
  "32": {
    "r2": 0.9128020808629441,
    "mse": 0.0001130964006849226,
    "rmse": 0.010634679152890443,
    "mae": 0.008364722249676469
  },
  "33": {
    "r2": 0.9275769128695112,
    "mse": 9.393332503812063e-05,
    "rmse": 0.009691920606263787,
    "mae": 0.007256615425159047
  },
  "34": {
    "r2": 0.9273788092845096,
    "mse": 9.41902669771966e-05,
    "rmse": 0.009705167024693423,
    "mae": 0.007338062022371675
  },
  "35": {
    "r2": 0.9133221125403757,
    "mse": 0.00011242191542722742,
    "rmse": 0.010602920136793799,
    "mae": 0.008137444125031205
  },
  "36": {
    "r2": 0.9196777696415517,
    "mse": 0.00010417857717736876,
    "rmse": 0.010206790738394159,
    "mae": 0.007815299250310352
  },
  "37": {
    "r2": 0.927367204705179,
    "mse": 9.420531820968859e-05,
    "rmse": 0.009705942417389904,
    "mae": 0.007322667932429035
  },
  "38": {
    "r2": 0.9305820568585601,
    "mse": 9.003562917490678e-05,
    "rmse": 0.009488710617091596,
    "mae": 0.007096490576571518
  },
  "39": {
    "r2": 0.9308079709755321,
    "mse": 8.974261675274906e-05,
    "rmse": 0.009473257979847749,
    "mae": 0.007219643487087274
  },
  "40": {
    "r2": 0.9300344652435358,
    "mse": 9.074585989276532e-05,
    "rmse": 0.009526062139875287,
    "mae": 0.007019741520490884
  },
  "41": {
    "r2": 0.9135737029190083,
    "mse": 0.00011209560068770267,
    "rmse": 0.01058752098877271,
    "mae": 0.00795421379155036
  },
  "42": {
    "r2": 0.9318603622902977,
    "mse": 8.837765677446139e-05,
    "rmse": 0.009400939143216564,
    "mae": 0.006986542747446604
  },
  "43": {
    "r2": 0.9242314196707881,
    "mse": 9.827245655680702e-05,
    "rmse": 0.009913246519521595,
    "mae": 0.007332927518800384
  },
  "44": {
    "r2": 0.9276654101558797,
    "mse": 9.381854334771201e-05,
    "rmse": 0.00968599728204133,
    "mae": 0.007259100896787156
  },
  "45": {
    "r2": 0.9214444430398935,
    "mse": 0.00010188718760620003,
    "rmse": 0.01009391834751005,
    "mae": 0.007305689349682522
  },
  "46": {
    "r2": 0.920776944181731,
    "mse": 0.0001027529389803907,
    "rmse": 0.010136712434531755,
    "mae": 0.007527630415297902
  },
  "47": {
    "r2": 0.9235820953457361,
    "mse": 9.911463541574422e-05,
    "rmse": 0.00995563335080919,
    "mae": 0.0075189062509432875
  },
  "48": {
    "r2": 0.9376927372535934,
    "mse": 8.08130196555776e-05,
    "rmse": 0.008989606201362637,
    "mae": 0.006770521234506376
  },
  "49": {
    "r2": 0.9312029821588824,
    "mse": 8.923028407888117e-05,
    "rmse": 0.009446178279012162,
    "mae": 0.007078571418994505
  },
  "50": {
    "r2": 0.9234689624114457,
    "mse": 9.926136973915239e-05,
    "rmse": 0.00996300003709487,
    "mae": 0.007829935750564003
  },
  "51": {
    "r2": 0.9095120084559891,
    "mse": 0.00011736365099206057,
    "rmse": 0.010833450557973695,
    "mae": 0.008360424697239957
  },
  "52": {
    "r2": 0.9348037003427717,
    "mse": 8.456012370683651e-05,
    "rmse": 0.009195657872432865,
    "mae": 0.006968560252219826
  },
  "53": {
    "r2": 0.9355701528126473,
    "mse": 8.356602870437719e-05,
    "rmse": 0.00914144565724575,
    "mae": 0.006815768251886058
  },
  "54": {
    "r2": 0.9202489141956718,
    "mse": 0.0001034377981085442,
    "rmse": 0.010170437459054757,
    "mae": 0.007675714353424263
  },